category,Event,Customer_IP,Event_Time,Product_ID,Quantity,Collection_Name,Search_Term,Time_On_Page,Product_Name,session,Customer_ID,Customer_Name
Engagement,Product,102.128.186.27,2025-01-27 08:34:01.336000+00:00,6452559511721.0,,,,6.234,cashews large pieces raw 1kg,1,,
Engagement,Home,102.132.208.29,2025-01-26 18:24:17.323000+00:00,,,,,65.938,,1,,
Engagement,Collection,102.132.246.92,2025-01-24 10:05:14.510000+00:00,,,cashews,,43.961,,1,,
Engagement,Collection,102.132.246.92,2025-01-24 10:05:34.291000+00:00,,,cashews,,19.781,,1,,
Engagement,Collection,102.164.28.181,2025-01-24 11:50:06.992000+00:00,,,cashews,,48.936,,1,,
Engagement,Collection,102.164.28.181,2025-01-24 11:59:19.262000+00:00,,,cashews,,9.031,,1,,
Engagement,Product,102.164.28.181,2025-01-24 12:04:38.428000+00:00,6452559511721.0,,,,316.783,cashews large pieces raw 1kg,1,,
Engagement,Collection,102.164.28.181,2025-01-24 12:04:43.136000+00:00,,,nuts,,3.186,,1,,
Engagement,Cart Add,102.164.28.181,2025-01-24 12:04:43.382000+00:00,6452559511721.0,1.0,,,,Cashews Pieces Raw (1kg),1,,
Engagement,Product,102.164.28.181,2025-01-24 12:05:07.674000+00:00,6474170794153.0,,,,13.269,pecan pieces 1kg,1,,
Engagement,Collection,102.164.28.181,2025-01-24 12:05:17.814000+00:00,,,fruit,,7.705,,1,,
Engagement,Product,102.164.28.181,2025-01-24 12:05:24.253000+00:00,2107884666977.0,,,,4.074,peach peeled choice,1,,
Engagement,Collection,102.165.94.230,2025-01-27 09:12:51.433000+00:00,,,all,,1139.212,,1,,
Engagement,Collection,102.165.94.230,2025-01-27 09:12:51.694000+00:00,,,all,,0.02,,1,,
Engagement,Cart,102.165.94.230,2025-01-27 09:13:46.352000+00:00,,,,,52.608,,1,,
Engagement,Collection,102.165.94.230,2025-01-27 09:14:21.862000+00:00,,,breakfast,,33.102,,1,,
Engagement,Collection,102.165.94.230,2025-01-27 09:14:41.066000+00:00,,,breakfast,,19.669,,1,,
Engagement,Collection,102.165.94.230,2025-01-27 09:15:12.243000+00:00,,,breakfast,,31.177,,1,,
Engagement,Collection,102.165.94.230,2025-01-27 09:26:18.660000+00:00,,,pantry,,553.174,,1,,
Engagement,Cart Add,102.165.94.230,2025-01-27 09:29:04.774000+00:00,2138476380257.0,1.0,,,,white basmati rice 2kg,1,,
Engagement,Cart Add,102.165.94.230,2025-01-27 09:29:10.800000+00:00,7592346517757.0,1.0,,,,white basmati rice 2kg,1,,
Engagement,Product,102.165.94.230,2025-01-27 09:49:27.436000+00:00,2138476380257.0,,,,43.239,black beans 1kg,1,,
Engagement,Product,102.165.94.230,2025-01-27 09:49:47.814000+00:00,2138476380257.0,,,,15.321,black beans 1kg,1,,
Engagement,Home,102.182.250.24,2025-01-26 08:48:25.558000+00:00,,,,,9.816,,1,,
Engagement,Product,102.182.250.24,2025-01-26 08:48:41.594000+00:00,2138475331681.0,,,,14.75,honey 500g,1,,
Engagement,Cart,102.182.250.24,2025-01-26 08:57:46.727000+00:00,,,,,182.619,,1,,
Engagement,Product,102.182.250.24,2025-01-26 08:58:24.117000+00:00,2123294408801.0,,,,35.686,chickpea flour,1,,
Engagement,Collection,102.182.250.24,2025-01-26 09:12:27.255000+00:00,,,cheat-street,,10.667,,1,,
Engagement,Collection,102.182.250.24,2025-01-26 09:12:33.389000+00:00,,,cheat-street,,6.424,,1,,
Engagement,Collection,102.182.250.24,2025-01-26 09:12:36.069000+00:00,,,cheat-street,,2.68,,1,,
Engagement,Collection,102.182.250.24,2025-01-26 09:12:40.596000+00:00,,,cheat-street,,4.527,,1,,
Engagement,Collection,102.182.250.24,2025-01-26 09:14:07.356000+00:00,,,cheat-street,,81.829,,1,,
Engagement,Collection,102.182.250.24,2025-01-26 09:18:17.246000+00:00,,,rusks,,23.413,,1,,
Engagement,Collection,102.182.250.24,2025-01-26 09:21:32.564000+00:00,,,flours,,5.376,,1,,
Engagement,Collection,102.182.250.24,2025-01-26 09:21:37.690000+00:00,,,flours,,5.456,,1,,
Engagement,Collection,102.182.250.24,2025-01-26 09:25:44.357000+00:00,,,pastas,,16.125,,1,,
Engagement,Collection,102.182.250.24,2025-01-26 09:27:20.635000+00:00,,,fruit,,94.88,,1,,
Engagement,Collection,102.182.250.24,2025-01-26 09:27:56.779000+00:00,,,fruit,,36.416,,1,,
Engagement,Home,102.210.64.232,2025-01-27 07:16:11.232000+00:00,,,,,42.598,,1,,
Engagement,Collection,102.210.64.232,2025-01-27 07:22:57.713000+00:00,,,sale,,403.169,,1,,
Engagement,Collection,102.210.64.232,2025-01-27 07:23:14.390000+00:00,,,sale,,18.244,,1,,
Engagement,Home,102.210.64.232,2025-01-27 07:23:22.749000+00:00,,,,,5.646,,1,,
Engagement,Home,102.210.64.232,2025-01-27 07:24:06.019000+00:00,,,,,43.594,,1,,
Engagement,Home,102.210.64.232,2025-01-27 07:27:31.623000+00:00,,,,,205.604,,1,,
Engagement,Collection,102.210.64.232,2025-01-27 07:31:19.714000+00:00,,,gluten-free,,225.138,,1,,
Engagement,Collection,102.210.64.232,2025-01-27 07:31:48.547000+00:00,,,gluten-free,,29.147,,1,,
Engagement,Collection,102.210.64.232,2025-01-27 07:32:15.614000+00:00,,,gluten-free,,27.068,,1,,
Engagement,Collection,102.210.64.232,2025-01-27 07:32:46.469000+00:00,,,gluten-free,,30.855,,1,,
Engagement,Home,102.210.64.232,2025-01-27 07:32:48.314000+00:00,,,,,316.691,,1,,
Engagement,Home,102.210.64.232,2025-01-27 07:34:48.724000+00:00,,,,,120.41,,1,,
Engagement,Home,102.210.64.232,2025-01-27 07:35:23.585000+00:00,,,,,34.861,,1,,
Engagement,Collection,102.210.64.232,2025-01-27 07:36:18.742000+00:00,,,mediterranean,,51.952,,1,,
Engagement,Collection,102.210.64.232,2025-01-27 07:36:26.771000+00:00,,,mediterranean,,8.316,,1,,
Engagement,Home,102.210.64.232,2025-01-27 07:36:30.107000+00:00,,,,,66.522,,1,,
Engagement,Home,102.210.64.232,2025-01-27 07:36:50.973000+00:00,,,,,20.866,,1,,
Engagement,Home,102.210.64.232,2025-01-27 07:40:42.133000+00:00,,,,,231.16,,1,,
Engagement,Collection,102.210.64.232,2025-01-27 07:42:35.091000+00:00,,,indian,,109.899,,1,,
Engagement,Collection,102.210.64.232,2025-01-27 07:42:37.390000+00:00,,,indian,,2.73,,1,,
Engagement,Collection,102.210.64.232,2025-01-27 07:42:40.307000+00:00,,,indian,,2.917,,1,,
Engagement,Home,102.210.64.232,2025-01-27 07:42:41.414000+00:00,,,,,119.281,,1,,
Engagement,Collection,102.210.64.232,2025-01-27 07:45:28.269000+00:00,,,cheat-street,,164.217,,1,,
Engagement,Collection,102.210.64.232,2025-01-27 07:45:56.282000+00:00,,,cheat-street,,28.36,,1,,
Engagement,Collection,102.210.64.232,2025-01-27 07:46:09.063000+00:00,,,cheat-street,,12.781,,1,,
Engagement,Collection,102.210.64.232,2025-01-27 07:46:20.270000+00:00,,,cheat-street,,11.207,,1,,
Engagement,Collection,102.210.64.232,2025-01-27 07:47:01.260000+00:00,,,cheat-street,,40.99,,1,,
Engagement,Collection,102.210.64.232,2025-01-27 07:47:08.427000+00:00,,,cheat-street,,7.167,,1,,
Engagement,Collection,102.210.64.232,2025-01-27 07:48:28.705000+00:00,,,cheat-street,,80.278,,1,,
Engagement,Home,102.210.64.232,2025-01-27 07:48:31.758000+00:00,,,,,350.344,,1,,
Engagement,Collection,102.210.64.232,2025-01-27 07:49:28.481000+00:00,,,cape-malay,,53.677,,1,,
Engagement,Collection,102.210.64.232,2025-01-27 07:49:30.188000+00:00,,,cape-malay,,2.066,,1,,
Engagement,Home,102.219.163.197,2025-01-24 12:49:04.097000+00:00,,,,,14.617,,1,,
Engagement,Home,102.223.59.73,2025-01-25 16:13:41.413000+00:00,,,,,14.85,,1,,
Engagement,Home,102.223.59.73,2025-01-25 16:15:56.569000+00:00,,,,,135.427,,1,,
Engagement,Home,102.223.59.73,2025-01-25 16:16:37.024000+00:00,,,,,40.455,,1,,
Engagement,Home,102.223.59.73,2025-01-25 16:17:47.226000+00:00,,,,,70.202,,1,,
Engagement,Home,102.223.59.73,2025-01-25 16:18:47.718000+00:00,,,,,60.492,,1,,
Engagement,Home,102.223.59.73,2025-01-27 09:08:24.853000+00:00,,,,,15.87,,2,,
Engagement,Home,102.223.59.73,2025-01-27 09:08:51.522000+00:00,,,,,26.981,,2,,
Engagement,Home,102.223.59.73,2025-01-27 09:09:29.994000+00:00,,,,,38.471,,2,,
Engagement,Home,102.223.59.73,2025-01-27 09:10:13.383000+00:00,,,,,43.39,,2,,
Engagement,Home,102.223.59.73,2025-01-27 09:10:57.247000+00:00,,,,,43.864,,2,,
Engagement,Home,102.223.59.73,2025-01-27 09:11:25.021000+00:00,,,,,27.773,,2,,
Engagement,Collection,102.223.59.73,2025-01-27 09:12:11.425000+00:00,,,vegan-products,,43.475,,2,,
Engagement,Home,102.223.59.73,2025-01-27 09:13:02.641000+00:00,,,,,97.621,,2,,
Engagement,Home,102.223.59.73,2025-01-27 09:13:20.858000+00:00,,,,,18.217,,2,,
Engagement,Collection,102.223.59.73,2025-01-27 09:13:56.752000+00:00,,,middle-eastern,,33.435,,2,,
Engagement,Home,102.223.59.73,2025-01-27 09:21:56.219000+00:00,,,,,515.361,,2,,
Engagement,Product,102.32.167.49,2025-01-27 07:50:10.490000+00:00,2107885486177.0,,,,33.539,trail mix,1,,
Engagement,Home,102.32.167.49,2025-01-27 07:50:28.722000+00:00,,,,,16.733,,1,,
Engagement,Home,102.33.162.154,2025-01-24 13:03:19.478000+00:00,,,,,11.293,,1,,
Engagement,Cart,102.33.162.154,2025-01-24 13:06:48.505000+00:00,,,,,207.138,,1,,
Engagement,Collection,102.33.162.154,2025-01-24 13:07:13.254000+00:00,,,nuts,,10.99,,1,,
Engagement,Cart,102.33.162.154,2025-01-24 13:07:52.554000+00:00,,,,,35.968,,1,,
Engagement,Cart,102.33.162.154,2025-01-24 13:08:34.534000+00:00,,,,,34.706,,1,,
Engagement,Home,102.33.162.154,2025-01-24 13:10:33.871000+00:00,,,,,6.312,,1,,
Engagement,Collection,102.33.162.154,2025-01-24 13:11:02.584000+00:00,,,sale,,26.024,,1,,
Engagement,Collection,102.33.3.133,2025-01-25 17:21:05.908000+00:00,,,sale,,53.492,,1,,
Engagement,Collection,102.33.3.133,2025-01-25 17:21:28.524000+00:00,,,sale,,22.932,,1,,
Engagement,Collection,102.33.3.133,2025-01-25 17:21:35.645000+00:00,,,sale,,7.121,,1,,
Engagement,Collection,102.33.3.133,2025-01-25 17:21:37.467000+00:00,,,sale,,1.822,,1,,
Engagement,Collection,102.33.3.133,2025-01-25 17:21:54.102000+00:00,,,sale,,16.635,,1,,
Engagement,Collection,102.33.3.133,2025-01-25 17:23:43.722000+00:00,,,nuts,,24.37,,1,,
Engagement,Home,102.39.33.179,2025-01-27 03:27:02.827000+00:00,,,,,3.794,,1,,
Engagement,Cart Add,102.39.33.179,2025-01-27 03:27:03.581000+00:00,8764083536125.0,1.0,,,,Caramel & Coconut Coated Cashews (250g),1,,
Engagement,Collection,102.39.33.179,2025-01-27 05:20:03.164000+00:00,,,kitchen,,6777.697,,2,,
Engagement,Product,102.66.136.15,2025-01-27 06:39:57.355000+00:00,2138477789281.0,,,,34.414,white quinoa 1kg,1,,
Engagement,Home,102.69.187.202,2025-01-24 13:05:20.584000+00:00,,,,,69.391,,1,,
Engagement,Collection,102.69.187.202,2025-01-24 13:06:13.932000+00:00,,,beans,,51.305,,1,,
Engagement,Product,102.69.187.202,2025-01-24 13:06:52.356000+00:00,2138476642401.0,,,,35.688,chickpeas 1kg,1,,
Engagement,Product,102.69.187.202,2025-01-24 13:07:22.962000+00:00,2107883585633.0,,,,28.283,chia seeds,1,,
Engagement,Home,102.69.187.202,2025-01-27 09:03:55.105000+00:00,,,,,1.503,,2,,
Engagement,Home,102.69.187.202,2025-01-27 09:08:30.661000+00:00,,,,,242.426,,2,,
Engagement,Product,102.69.187.202,2025-01-27 09:09:16.918000+00:00,2138476380257.0,,,,21.907,black beans 1kg,2,,
Engagement,Cart,102.69.187.202,2025-01-27 09:09:31.272000+00:00,,,,,12.584,,2,,
Engagement,Product,102.69.187.202,2025-01-27 09:09:53.472000+00:00,7562043785469.0,,,,19.895,butter beans 1kg,2,,
Engagement,Product,102.69.187.202,2025-01-27 09:10:51.395000+00:00,4775779205217.0,,,,55.716,nutritional yeast flakes,2,,
Engagement,Product,102.69.187.202,2025-01-27 09:11:18.489000+00:00,7592346517757.0,,,,24.855,white basmati rice 2kg,2,,
Engagement,Home,102.69.187.202,2025-01-27 09:12:08.464000+00:00,,,,,10.353,,2,,
Engagement,Product,102.69.187.202,2025-01-27 09:12:21.970000+00:00,8109356548349.0,,,,11.319,black quinoa 500g,2,,
Engagement,Product,102.69.187.202,2025-01-27 09:16:25.453000+00:00,2138477822049.0,,,,241.467,red quinoa 1kg,2,,
Engagement,Collection,102.69.187.202,2025-01-27 09:17:06.018000+00:00,,,grains,,38.775,,2,,
Engagement,Collection,102.69.187.202,2025-01-27 09:17:30.788000+00:00,,,beans,,22.437,,2,,
Engagement,Home,105.184.157.216,2025-01-24 13:25:45.878000+00:00,,,,,57.769,,1,,
Engagement,Collection,105.184.157.216,2025-01-24 13:26:44.135000+00:00,,,superfoods,,55.977,,1,,
Engagement,Collection,105.184.157.216,2025-01-24 13:27:35.873000+00:00,,,superfoods,,51.738,,1,,
Engagement,Cart Add,105.184.157.216,2025-01-24 13:27:35.965000+00:00,2138477789281.0,1.0,,,,White Quinoa (1kg),1,,
Engagement,Collection,105.184.157.216,2025-01-24 13:28:21.549000+00:00,,,superfoods,,45.676,,1,,
Engagement,Cart Add,105.184.157.216,2025-01-24 13:28:52.306000+00:00,2138477822049.0,1.0,,,,Red Quinoa (1kg),1,,
Engagement,Collection,105.184.157.216,2025-01-24 13:28:54.268000+00:00,,,superfoods,,32.719,,1,,
Engagement,Collection,105.184.157.216,2025-01-24 13:29:03.195000+00:00,,,superfoods,,8.927,,1,,
Engagement,Collection,105.184.157.216,2025-01-24 13:33:35.060000+00:00,,,superfoods,,271.865,,1,,
Engagement,Collection,105.184.157.216,2025-01-24 13:38:10.420000+00:00,,,superfoods,,275.36,,1,,
Engagement,Home,105.185.161.46,2025-01-26 22:57:16.392000+00:00,,,,,17.986,,1,,
Engagement,Collection,105.185.161.46,2025-01-26 22:57:51.451000+00:00,,,holland,,32.671,,1,,
Engagement,Collection,105.185.161.46,2025-01-26 22:58:29.315000+00:00,,,holland,,37.864,,1,,
Engagement,Home,105.209.232.187,2025-01-26 18:56:41.601000+00:00,,,,,22.959,,1,,
Engagement,Collection,105.209.232.187,2025-01-26 19:01:14.022000+00:00,,,nuts,,29.666,,1,,
Engagement,Cart,105.209.232.187,2025-01-26 19:01:48.105000+00:00,,,,,30.536,,1,,
Engagement,Cart Add,105.209.232.187,2025-01-26 19:01:55.690000+00:00,2107884732513.0,1.0,,,,caramel coated peanuts,1,,
Engagement,Cart Add,105.209.232.187,2025-01-26 19:02:05.768000+00:00,2107884699745.0,1.0,,,,caramel coated peanuts,1,,
Engagement,Product,105.209.232.187,2025-01-26 19:02:39.831000+00:00,2107884699745.0,,,,48.212,caramel coated peanuts,1,,
Engagement,Collection,105.209.232.187,2025-01-26 19:04:21.156000+00:00,,,nuts,,96.735,,1,,
Engagement,Collection,105.209.232.187,2025-01-26 19:04:21.323000+00:00,,,nuts,,0.172,,1,,
Engagement,Collection,105.209.232.187,2025-01-26 19:05:22.259000+00:00,,,seeds-fruit,,38.003,,1,,
Engagement,Cart Add,105.209.232.187,2025-01-26 19:05:22.537000+00:00,2107884470369.0,1.0,,,,Mixed Tree Nuts with Peanuts (Standard) Roasted (1kg),1,,
Engagement,Cart,105.209.232.187,2025-01-26 19:08:15.883000+00:00,,,,,169.11,,1,,
Engagement,Collection,105.209.232.187,2025-01-26 19:16:42.910000+00:00,,,seeds-fruit,,32.774,,1,,
Engagement,Collection,105.209.232.187,2025-01-26 19:16:43.107000+00:00,,,seeds-fruit,,0.165,,1,,
Engagement,Cart,105.209.232.187,2025-01-26 19:17:32.459000+00:00,,,,,44.767,,1,,
Engagement,Collection,105.209.234.132,2025-01-27 09:19:58.110000+00:00,,,banting,,28.707,,1,,
Engagement,Collection,105.209.234.132,2025-01-27 09:20:31.243000+00:00,,,banting,,23.404,,1,,
Engagement,Collection,105.214.29.225,2025-01-25 08:17:23.689000+00:00,,,middle-eastern,,346.549,,1,,
Engagement,Collection,105.214.29.225,2025-01-25 08:17:53.252000+00:00,,,middle-eastern,,29.953,,1,,
Engagement,Collection,105.214.29.225,2025-01-25 08:18:27.032000+00:00,,,middle-eastern,,33.78,,1,,
Engagement,Collection,105.214.29.225,2025-01-25 08:18:34.587000+00:00,,,middle-eastern,,7.555,,1,,
Engagement,Collection,105.245.124.98,2025-01-24 08:45:30.688000+00:00,,,all,,38.047,,1,,
Engagement,Collection,105.245.124.98,2025-01-24 08:45:51.038000+00:00,,,all,,21.015,,1,,
Engagement,Home,105.245.229.90,2025-01-27 09:14:29.907000+00:00,,,,,24.598,,1,,
Engagement,Collection,105.245.229.90,2025-01-27 09:15:27.017000+00:00,,,back-to-work-sale,,55.136,,1,,
Engagement,Collection,105.245.229.90,2025-01-27 09:15:58.483000+00:00,,,back-to-work-sale,,31.92,,1,,
Engagement,Home,105.245.229.90,2025-01-27 09:17:08.215000+00:00,,,,,20.533,,1,,
Engagement,Collection,105.247.166.93,2025-01-27 07:58:57.314000+00:00,,,seeds-1,,29.098,,1,,
Engagement,Collection,152.110.55.56,2025-01-24 12:59:32.543000+00:00,,,pecans,,97.075,,1,,
Engagement,Cart,152.110.55.56,2025-01-24 12:59:41.220000+00:00,,,,,6.227,,1,,
Engagement,Collection,152.110.55.56,2025-01-24 14:40:13.888000+00:00,,,nuts,,6030.188,,2,,
Engagement,Cart,152.110.55.56,2025-01-24 14:40:18.708000+00:00,,,,,2.535,,2,,
Engagement,Collection,152.110.55.56,2025-01-24 14:41:00.174000+00:00,,,nuts,,39.173,,2,,
Engagement,Collection,152.110.55.56,2025-01-24 14:41:11.833000+00:00,,,nuts,,12.151,,2,,
Engagement,Collection,152.110.55.56,2025-01-24 14:42:45.225000+00:00,,,seeds-1,,44.048,,2,,
Engagement,Collection,154.119.72.82,2025-01-24 10:07:55.200000+00:00,,,platters-picnics,,3.997,,1,,
Engagement,Collection,154.119.72.82,2025-01-24 10:08:02.235000+00:00,,,snacks-1,,5.748,,1,,
Engagement,Collection,155.93.128.90,2025-01-24 10:05:03.238000+00:00,,,middle-eastern,,39.276,,1,,
Engagement,Home,155.93.231.129,2025-01-26 15:06:03.513000+00:00,,,,,51.229,,1,,
Engagement,Home,155.93.255.141,2025-01-24 08:13:13.591000+00:00,,,,,670.474,,1,,
Engagement,Home,155.93.255.141,2025-01-24 08:13:26.576000+00:00,,,,,13.356,,1,,
Engagement,Home,155.93.255.141,2025-01-24 08:13:34.867000+00:00,,,,,8.291,,1,,
Engagement,Home,155.93.255.141,2025-01-24 08:13:35.146000+00:00,,,,,0.279,,1,,
Engagement,Home,155.93.255.141,2025-01-24 08:13:38.781000+00:00,,,,,3.635,,1,,
Engagement,Cart Add,155.93.255.141,2025-01-24 08:40:33.966000+00:00,2138477559905.0,1.0,,,,Fruity Muesli (1kg),1,,
Engagement,Collection,155.93.255.141,2025-01-24 08:41:33.423000+00:00,,,mediterranean,,1562.3,,1,,
Engagement,Cart,155.93.255.141,2025-01-24 08:44:14.074000+00:00,,,,,40.345,,1,,
Engagement,Collection,165.49.32,2025-01-27 11:06:43.776000+00:00,,,banting,,9383.685,,1,,
Engagement,Collection,165.49.32,2025-01-27 11:06:44.054000+00:00,,,banting,,0.003,,1,,
Engagement,Collection,165.73.187.170,2025-01-26 11:02:07.729000+00:00,,,nuts,,76.622,,1,,
Engagement,Cart Add,165.73.187.170,2025-01-26 11:05:56.308000+00:00,2138476970081.0,1.0,,,,couscous 1kg,1,,
Engagement,Product,165.73.187.170,2025-01-26 11:06:19.271000+00:00,2138476970081.0,,,,25.942,couscous 1kg,1,,
Engagement,Cart Add,165.73.187.170,2025-01-26 11:07:54.831000+00:00,2107883323489.0,1.0,,,,apricot turkish choice,1,,
Engagement,Product,165.73.187.170,2025-01-26 11:08:05.083000+00:00,2107883323489.0,,,,103.441,apricot turkish choice,1,,
Engagement,Collection,165.73.187.170,2025-01-26 11:10:10.477000+00:00,,,all,,77.079,,1,,
Engagement,Collection,165.73.187.170,2025-01-26 11:11:01.032000+00:00,,,all,,38.276,,1,,
Engagement,Collection,165.73.187.170,2025-01-26 11:11:11.911000+00:00,,,all,,3.529,,1,,
Engagement,Cart Add,165.73.187.170,2025-01-26 11:11:12.223000+00:00,7102276206761.0,1.0,,,,Nut & Cranberry Mix (1kg),1,,
Engagement,Collection,165.73.187.170,2025-01-26 11:11:37.259000+00:00,,,all,,12.063,,1,,
Engagement,Collection,165.73.187.170,2025-01-26 11:11:37.635000+00:00,,,all,,0.376,,1,,
Engagement,Collection,165.73.187.170,2025-01-26 11:11:38.134000+00:00,,,all,,0.499,,1,,
Engagement,Collection,165.73.187.170,2025-01-26 11:11:40.259000+00:00,,,all,,2.125,,1,,
Engagement,Collection,165.73.187.170,2025-01-26 11:11:41.340000+00:00,,,all,,1.081,,1,,
Engagement,Collection,165.73.187.170,2025-01-26 11:11:48.303000+00:00,,,all,,6.963,,1,,
Engagement,Collection,165.73.187.170,2025-01-26 11:11:49.242000+00:00,,,all,,0.939,,1,,
Engagement,Collection,165.73.187.170,2025-01-26 11:11:55.245000+00:00,,,all,,6.003,,1,,
Engagement,Home,165.73.187.170,2025-01-26 11:12:14.630000+00:00,,,,,17.036,,1,,
Engagement,Collection,165.73.187.170,2025-01-26 11:12:49.620000+00:00,,,snacks-1,,33.272,,1,,
Engagement,Cart,165.73.187.170,2025-01-26 11:13:17.772000+00:00,,,,,25.725,,1,,
Engagement,Home,169.122.78,2025-01-24 12:46:35.110000+00:00,,,,,12.131,,1,,
Engagement,Cart,169.122.78,2025-01-24 12:47:03.598000+00:00,,,,,25.988,,1,,
Engagement,Home,169.122.78,2025-01-24 12:47:14.024000+00:00,,,,,7.706,,1,,
Engagement,Collection,169.122.78,2025-01-24 12:49:17.626000+00:00,,,sale,,120.94,,1,,
Engagement,Cart Add,169.122.78,2025-01-24 12:49:26.361000+00:00,7619360325885.0,2.0,,,,Banting Muesli (700g),1,,
Engagement,Cart Update,169.122.78,2025-01-24 12:49:28.794000+00:00,7097459212457.0,-1.0,,,,Chocolate Honeycomb Crunchies (250g),1,,
Engagement,Cart Remove,169.122.78,2025-01-24 12:49:48.049000+00:00,7097459212457.0,,,,,Chocolate Honeycomb Crunchies (250g),1,,
Engagement,Cart Update,169.122.78,2025-01-24 12:49:54.330000+00:00,7593240363261.0,-1.0,,,,Corn Tomato (1kg),1,,
Engagement,Cart,169.122.78,2025-01-24 12:50:09.032000+00:00,,,,,48.79,,1,,
Engagement,Cart Update,169.122.78,2025-01-24 12:50:09.434000+00:00,7619360325885.0,-1.0,,,,Banting Muesli (700g),1,,
Engagement,Cart,169.122.78,2025-01-24 12:50:50.689000+00:00,,,,,41.657,,1,,
Engagement,Cart,169.122.78,2025-01-24 12:51:16.525000+00:00,,,,,25.835,,1,,
Engagement,Cart,169.122.78,2025-01-24 12:51:24.062000+00:00,,,,,7.538,,1,,
Engagement,Collection,169.122.78,2025-01-24 12:51:29.092000+00:00,,,seeds-fruit,,2.144,,1,,
Engagement,Product,169.142.240,2025-01-27 08:11:14.164000+00:00,2138476019809.0,,,,21.878,garlic man portuguese garlic sauce 250g,1,,
Engagement,Collection,169.143.136,2025-01-27 07:44:38.453000+00:00,,,almonds,,161328.4,,1,,
Engagement,Product,169.213.213,2025-01-25 12:51:11.924000+00:00,7562053779709.0,,,,9.683,dried caramelized onions 100g,1,,
Engagement,Collection,169.213.213,2025-01-25 12:52:11.855000+00:00,,,love-boxes,,58.521,,1,,
Engagement,Product,169.61.153,2025-01-24 09:33:13.259000+00:00,8764645703933.0,,,,122.897,chaloner premium extra virgin olive oil box 5l,1,,
Engagement,Product,169.61.153,2025-01-24 09:33:18.884000+00:00,8764645703933.0,,,,145.073,chaloner premium extra virgin olive oil box 5l,1,,
Engagement,Product,169.239.5.123,2025-01-27 08:45:40.792000+00:00,2107883585633.0,,,,10.698,chia seeds,1,,
Engagement,Cart,169.239.5.123,2025-01-27 08:49:44.964000+00:00,,,,,161.097,,1,,
Engagement,Home,169.239.5.123,2025-01-27 08:50:13.790000+00:00,,,,,3.208,,1,,
Engagement,Home,169.239.5.123,2025-01-27 08:53:56.854000+00:00,,,,,6.871,,1,,
Engagement,Home,185.203.122.63,2025-01-24 14:25:45.116000+00:00,,,,,65.674,,1,,
Engagement,Collection,192.143.133.139,2025-01-24 17:30:25.291000+00:00,,,snacks-1,,93.274,,1,,
Engagement,Collection,192.143.133.139,2025-01-24 17:30:46.697000+00:00,,,snacks-1,,21.815,,1,,
Engagement,Collection,192.143.133.139,2025-01-24 17:36:13.270000+00:00,,,lifestyle,,44.203,,1,,
Engagement,Collection,192.143.133.139,2025-01-24 17:36:46.647000+00:00,,,lifestyle,,33.894,,1,,
Engagement,Collection,192.143.133.139,2025-01-24 17:37:13.915000+00:00,,,lifestyle,,27.268,,1,,
Engagement,Collection,192.143.133.139,2025-01-24 17:37:30.851000+00:00,,,lifestyle,,16.936,,1,,
Engagement,Collection,192.143.133.139,2025-01-24 17:38:04.310000+00:00,,,lifestyle,,33.459,,1,,
Engagement,Collection,192.143.133.139,2025-01-24 17:38:38.186000+00:00,,,lifestyle,,33.876,,1,,
Engagement,Collection,192.143.133.139,2025-01-24 17:39:03.086000+00:00,,,lifestyle,,24.9,,1,,
Engagement,Collection,192.143.133.139,2025-01-24 17:39:38.653000+00:00,,,lifestyle,,35.566,,1,,
Engagement,Collection,192.143.133.139,2025-01-24 17:46:19.583000+00:00,,,sugar-free,,51.882,,1,,
Engagement,Collection,192.143.133.139,2025-01-24 17:46:24.747000+00:00,,,sugar-free,,5.596,,1,,
Engagement,Collection,192.143.133.139,2025-01-24 17:47:23.521000+00:00,,,snacks-1,,14.872,,1,,
Engagement,Cart Add,192.143.133.139,2025-01-24 17:47:23.957000+00:00,4787106480225.0,2.0,,,,Turmeric Powder - Non-Irradiated (100g),1,,
Engagement,Cart Add,192.143.133.139,2025-01-24 17:48:24.938000+00:00,7097459212457.0,1.0,,,,Chocolate Honeycomb Crunchies (250g),1,,
Engagement,Collection,192.143.133.139,2025-01-24 17:48:36.123000+00:00,,,snacks-1,,72.602,,1,,
Engagement,Collection,192.143.133.139,2025-01-24 17:51:02.262000+00:00,,,fruit,,59.834,,1,,
Engagement,Collection,192.143.133.139,2025-01-24 17:51:07.040000+00:00,,,fruit,,5.223,,1,,
Engagement,Collection,196.11.8.241,2025-01-25 02:44:41.936000+00:00,,,seeds-fruit,,34.122,,1,,
Engagement,Collection,196.21.119.177,2025-01-26 15:53:14.276000+00:00,,,,,85.941,,1,,
Engagement,Collection,196.21.80.2,2025-01-24 10:19:04.220000+00:00,,,vegan-products,,27.901,,1,,
Engagement,Collection,196.21.80.2,2025-01-24 10:19:43.347000+00:00,,,vegan-products,,39.443,,1,,
Engagement,Collection,196.21.80.2,2025-01-24 10:19:47.656000+00:00,,,vegan-products,,4.309,,1,,
Engagement,Collection,196.21.80.2,2025-01-24 10:19:50.753000+00:00,,,vegan-products,,3.097,,1,,
Engagement,Collection,196.44.41.130,2025-01-26 10:14:48.796000+00:00,,,snacks-1,,37.805,,1,,
Engagement,Collection,196.44.41.130,2025-01-26 10:15:47.474000+00:00,,,snacks-1,,59.293,,1,,
Engagement,Collection,196.44.41.130,2025-01-26 10:36:44.075000+00:00,,,snacks-1,,1256.601,,1,,
Engagement,Collection,196.61.111.23,2025-01-27 09:12:53.681000+00:00,,,banting,,70.155,,1,,
Engagement,Collection,196.61.111.23,2025-01-27 09:13:31.117000+00:00,,,banting,,37.788,,1,,
Engagement,Home,196.61.111.23,2025-01-27 09:14:57.270000+00:00,,,,,38.13,,1,,
Engagement,Collection,196.61.111.23,2025-01-27 09:15:31.930000+00:00,,,banting,,32.061,,1,,
Engagement,Collection,196.61.111.23,2025-01-27 09:15:56.806000+00:00,,,banting,,25.18,,1,,
Engagement,Collection,196.61.111.23,2025-01-27 09:15:56.819000+00:00,,,banting,,0.014,,1,,
Engagement,Collection,196.61.111.23,2025-01-27 09:16:19.560000+00:00,,,banting,,22.741,,1,,
Engagement,Collection,196.61.111.23,2025-01-27 09:16:52.231000+00:00,,,banting,,32.67,,1,,
Engagement,Collection,196.61.111.23,2025-01-27 09:16:52.236000+00:00,,,banting,,0.006,,1,,
Engagement,Collection,196.61.111.23,2025-01-27 09:17:47.766000+00:00,,,banting,,55.529,,1,,
Engagement,Collection,196.61.111.23,2025-01-27 09:17:47.780000+00:00,,,banting,,0.015,,1,,
Engagement,Collection,196.61.111.23,2025-01-27 09:18:48.115000+00:00,,,banting,,60.335,,1,,
Engagement,Collection,196.61.111.23,2025-01-27 09:19:09.533000+00:00,,,banting,,21.416,,1,,
Engagement,Collection,196.61.111.23,2025-01-27 09:19:42.560000+00:00,,,banting,,33.028,,1,,
Engagement,Collection,196.61.111.23,2025-01-27 09:20:05.261000+00:00,,,banting,,22.702,,1,,
Engagement,Collection,197.184.77.175,2025-01-25 12:08:50.038000+00:00,,,bulk,,49.258,,1,,
Engagement,Collection,197.184.77.175,2025-01-25 12:09:36.112000+00:00,,,bulk,,46.359,,1,,
Engagement,Collection,197.184.77.175,2025-01-25 12:17:09.212000+00:00,,,condiments,,25.099,,1,,
Engagement,Collection,197.184.77.175,2025-01-25 12:17:15.721000+00:00,,,condiments,,6.796,,1,,
Engagement,Collection,197.184.77.175,2025-01-25 12:18:24.557000+00:00,,,condiments,,68.836,,1,,
Engagement,Collection,197.184.77.175,2025-01-25 12:20:14.469000+00:00,,,jams,,33.265,,1,,
Engagement,Collection,197.184.77.175,2025-01-25 12:20:37.585000+00:00,,,jams,,23.433,,1,,
Engagement,Collection,197.184.77.175,2025-01-25 12:21:19.391000+00:00,,,jams,,41.806,,1,,
Engagement,Collection,197.184.77.175,2025-01-25 12:22:04.044000+00:00,,,jams,,44.653,,1,,
Engagement,Collection,197.184.77.175,2025-01-25 12:22:09.062000+00:00,,,jams,,5.007,,1,,
Engagement,Collection,197.184.77.175,2025-01-25 12:23:13.383000+00:00,,,spices,,12.155,,1,,
Engagement,Collection,197.184.77.175,2025-01-25 12:23:53.313000+00:00,,,spices,,40.275,,1,,
Engagement,Collection,197.184.77.175,2025-01-25 12:24:05.619000+00:00,,,seeds-1,,8.625,,1,,
Engagement,Collection,197.184.77.175,2025-01-25 12:25:05.480000+00:00,,,seeds-1,,60.286,,1,,
Engagement,Collection,197.184.77.175,2025-01-25 12:28:11.349000+00:00,,,coffee-tea,,21.512,,1,,
Engagement,Collection,197.184.77.175,2025-01-25 12:28:25.679000+00:00,,,coffee-tea,,14.601,,1,,
Engagement,Collection,197.184.77.175,2025-01-25 12:29:56.016000+00:00,,,snacks-1,,74.096,,1,,
Engagement,Collection,197.184.77.175,2025-01-25 12:30:24.679000+00:00,,,snacks-1,,29.001,,1,,
Engagement,Collection,197.184.77.175,2025-01-25 12:31:03.842000+00:00,,,snacks-1,,39.163,,1,,
Engagement,Collection,197.184.77.175,2025-01-25 12:31:21.521000+00:00,,,snacks-1,,17.679,,1,,
Engagement,Collection,197.184.77.175,2025-01-25 12:33:57.190000+00:00,,,snacks-1,,155.669,,1,,
Engagement,Collection,197.184.77.175,2025-01-25 12:35:30.598000+00:00,,,superfoods,,89.023,,1,,
Engagement,Collection,197.184.77.175,2025-01-25 12:36:07.872000+00:00,,,vegan-products,,11.339,,1,,
Engagement,Collection,197.184.77.175,2025-01-25 12:36:31.590000+00:00,,,vegan-products,,24.222,,1,,
Engagement,Collection,197.184.77.175,2025-01-25 12:37:39.486000+00:00,,,vegan-products,,67.896,,1,,
Engagement,Collection,197.184.77.175,2025-01-25 12:37:57.800000+00:00,,,vegan-products,,18.314,,1,,
Engagement,Cart,197.184.77.175,2025-01-25 13:16:45.206000+00:00,,,,,18.122,,1,,
Engagement,Product,197.184.77.175,2025-01-25 13:18:02.135000+00:00,8254335910141.0,,,,36.498,pickled ginger 250g,1,,
Engagement,Product,197.184.77.175,2025-01-25 13:19:41.920000+00:00,2138475331681.0,,,,71.836,honey 500g,1,,
Engagement,Cart,197.184.77.175,2025-01-25 13:22:59.168000+00:00,,,,,194.418,,1,,
Engagement,Cart,197.184.77.175,2025-01-25 15:01:01.987000+00:00,,,,,57.046,,2,,
Engagement,Cart,197.184.77.175,2025-01-25 15:04:16.615000+00:00,,,,,195.065,,2,,
Engagement,Home,197.185.215.181,2025-01-24 21:03:15.543000+00:00,,,,,20.666,,1,,
Engagement,Home,197.185.215.181,2025-01-24 21:05:07.332000+00:00,,,,,112.307,,1,,
Engagement,Home,197.215.163.62,2025-01-24 12:02:39.397000+00:00,,,,,132.043,,1,,
Engagement,Collection,197.215.163.62,2025-01-24 12:06:15.770000+00:00,,,snacks-1,,214.891,,1,,
Engagement,Collection,197.215.163.62,2025-01-24 12:06:39.195000+00:00,,,snacks-1,,23.425,,1,,
Engagement,Collection,197.215.163.62,2025-01-24 12:06:41.190000+00:00,,,snacks-1,,1.994,,1,,
Engagement,Collection,197.215.163.62,2025-01-24 12:07:15.098000+00:00,,,snacks-1,,33.909,,1,,
Engagement,Collection,197.215.163.62,2025-01-24 12:07:28.073000+00:00,,,kitchen,,10.66,,1,,
Engagement,Collection,197.215.163.62,2025-01-24 12:07:45.493000+00:00,,,bulk,,15.247,,1,,
Engagement,Collection,197.215.163.62,2025-01-24 12:08:00.474000+00:00,,,global,,12.786,,1,,
Engagement,Collection,197.215.163.62,2025-01-24 12:08:06.184000+00:00,,,global,,6.122,,1,,
Engagement,Collection,197.215.163.62,2025-01-24 12:08:29.499000+00:00,,,global,,23.316,,1,,
Engagement,Collection,197.88.235.55,2025-01-27 05:18:05.319000+00:00,,,holland,,87.277,,1,,
Engagement,Home,197.90.197.16,2025-01-27 08:27:35.511000+00:00,,,,,7.394,,1,,
Engagement,Home,197.91.141.216,2025-01-26 23:11:14.094000+00:00,,,,,8.458,,1,,
Engagement,Product,197.91.242.72,2025-01-24 15:02:04.826000+00:00,2107885092961.0,,,,1930.795,yoghurt coated peanuts,1,,
Engagement,Home,197.91.242.72,2025-01-24 15:02:29.876000+00:00,,,,,22.83,,1,,
Engagement,Collection,197.91.70.73,2025-01-24 12:17:36.861000+00:00,,,luxury-nuts,,20.893,,1,,
Engagement,Collection,197.91.70.73,2025-01-24 13:48:09.414000+00:00,,,seeds-1,,5430.12,,2,,
Engagement,Collection,197.91.70.73,2025-01-24 13:48:16.966000+00:00,,,seeds-1,,7.959,,2,,
Engagement,Collection,197.91.70.73,2025-01-24 13:50:18.030000+00:00,,,fruit,,119.056,,2,,
Engagement,Collection,197.91.70.73,2025-01-24 13:54:40.636000+00:00,,,whole-foods,,28.236,,2,,
Engagement,Collection,197.91.70.73,2025-01-24 13:54:54.311000+00:00,,,whole-foods,,13.984,,2,,
Engagement,Collection,197.91.70.73,2025-01-24 13:55:54.078000+00:00,,,global,,39.512,,2,,
Engagement,Collection,197.91.70.73,2025-01-24 13:56:07.523000+00:00,,,global,,13.855,,2,,
Engagement,Collection,197.91.70.73,2025-01-24 13:56:17.261000+00:00,,,global,,9.738,,2,,
Engagement,Collection,197.94.236.152,2025-01-26 20:49:14.844000+00:00,,,all,,57.167,,1,,
Engagement,Collection,197.94.236.152,2025-01-26 20:49:48.411000+00:00,,,all,,33.82,,1,,
Engagement,Home,197.95.176.179,2025-01-27 07:15:54.805000+00:00,,,,,20.073,,1,,
Engagement,Collection,197.95.176.179,2025-01-27 07:18:31.270000+00:00,,,nuts,,123.081,,1,,
Engagement,Collection,197.95.176.179,2025-01-27 07:18:31.538000+00:00,,,nuts,,0.002,,1,,
Engagement,Collection,197.95.176.179,2025-01-27 07:19:12.270000+00:00,,,luxury-nuts,,19.032,,1,,
Engagement,Cart Add,197.95.176.179,2025-01-27 07:21:07.609000+00:00,2107883225185.0,1.0,,,,macadamias raw 250g,1,,
Engagement,Cart Add,197.95.176.179,2025-01-27 07:21:17.959000+00:00,6478302576809.0,1.0,,,,macadamias raw 250g,1,,
Engagement,Product,197.95.176.179,2025-01-27 07:22:16.579000+00:00,2107885420641.0,,,,22.542,sunflower seeds,1,,
Engagement,Collection,197.98.138.21,2025-01-24 07:13:51.147000+00:00,,,nuts,,7.226,,1,,
Engagement,Collection,197.98.138.21,2025-01-24 07:13:51.406000+00:00,,,nuts,,0.174,,1,,
Engagement,Collection,197.98.138.21,2025-01-24 07:14:48.852000+00:00,,,nuts,,58.099,,1,,
Engagement,Collection,197.98.138.21,2025-01-24 07:14:49.025000+00:00,,,nuts,,0.174,,1,,
Engagement,Cart,197.98.138.21,2025-01-24 07:15:27.847000+00:00,,,,,35.205,,1,,
Engagement,Cart,197.98.138.21,2025-01-24 07:18:48.058000+00:00,,,,,18.882,,1,,
Engagement,Collection,41.114.149.117,2025-01-27 09:22:54.321000+00:00,,,sale,,29.517,,1,,
Engagement,Cart,41.114.149.117,2025-01-27 09:25:42.480000+00:00,,,,,35.689,,1,,
Engagement,Collection,41.114.149.117,2025-01-27 09:28:14.394000+00:00,,,back-to-work-sale,,33.763,,1,,
Engagement,Collection,41.114.149.117,2025-01-27 09:28:46.492000+00:00,,,back-to-work-sale,,20.701,,1,,
Engagement,Cart Add,41.114.149.117,2025-01-27 09:28:47.215000+00:00,2138477396065.0,1.0,,,,Mixed Dried Fruit Standard (1kg),1,,
Engagement,Home,41.122.194.18,2025-01-25 17:20:33.741000+00:00,,,,,39.741,,1,,
Engagement,Home,41.122.194.18,2025-01-25 17:21:10.623000+00:00,,,,,37.481,,1,,
Engagement,Collection,41.122.194.18,2025-01-25 17:21:41.350000+00:00,,,banting,,28.019,,1,,
Engagement,Collection,41.122.194.18,2025-01-25 17:21:59.639000+00:00,,,banting,,18.717,,1,,
Engagement,Collection,41.122.194.18,2025-01-25 17:22:26.469000+00:00,,,cashews,,23.872,,1,,
Engagement,Collection,41.122.194.18,2025-01-25 17:22:39.482000+00:00,,,cashews,,13.474,,1,,
Engagement,Collection,41.122.194.18,2025-01-25 17:22:41.883000+00:00,,,cashews,,2.401,,1,,
Engagement,Collection,41.122.194.18,2025-01-25 17:22:46.414000+00:00,,,cashews,,4.531,,1,,
Engagement,Collection,41.122.194.18,2025-01-25 17:22:58.424000+00:00,,,cashews,,12.01,,1,,
Engagement,Collection,41.122.194.18,2025-01-25 17:23:17.693000+00:00,,,cashews,,19.269,,1,,
Engagement,Collection,41.122.194.18,2025-01-25 17:23:55.370000+00:00,,,fruit,,35.053,,1,,
Engagement,Collection,41.122.194.18,2025-01-25 17:24:19.986000+00:00,,,fruit,,25.058,,1,,
Engagement,Collection,41.122.194.18,2025-01-25 17:24:46.413000+00:00,,,fruit,,26.427,,1,,
Engagement,Collection,41.122.194.18,2025-01-25 17:24:55.767000+00:00,,,fruit,,9.354,,1,,
Engagement,Collection,41.122.194.18,2025-01-25 17:25:08.494000+00:00,,,fruit,,12.727,,1,,
Engagement,Collection,41.122.194.18,2025-01-25 17:25:27.520000+00:00,,,fruit,,19.026,,1,,
Engagement,Home,41.13.194.114,2025-01-27 09:11:58.230000+00:00,,,,,6.948,,1,,
Engagement,Home,41.13.194.114,2025-01-27 09:11:59.593000+00:00,,,,,2.423,,1,,
Engagement,Home,41.13.194.114,2025-01-27 09:13:28.513000+00:00,,,,,8.316,,1,,
Engagement,Collection,41.13.194.114,2025-01-27 09:13:49.835000+00:00,,,nuts,,20.025,,1,,
Engagement,Collection,41.13.194.114,2025-01-27 09:15:08.276000+00:00,,,nuts,,78.441,,1,,
Engagement,Home,41.13.194.114,2025-01-27 09:18:05.516000+00:00,,,,,9.418,,1,,
Engagement,Collection,41.13.194.114,2025-01-27 09:18:35.894000+00:00,,,gluten-free-snacks,,28.955,,1,,
Engagement,Cart Add,41.13.194.114,2025-01-27 09:18:36.288000+00:00,2107884634209.0,1.0,,,,Omega 3 Delux (1kg),1,,
Engagement,Cart Add,41.13.194.114,2025-01-27 09:19:31.347000+00:00,2107885518945.0,1.0,,,,Tropical Munch (1kg),1,,
Engagement,Cart,41.13.194.114,2025-01-27 09:19:36.883000+00:00,,,,,22.557,,1,,
Engagement,Cart Update,41.13.194.114,2025-01-27 09:19:37.279000+00:00,2107885518945.0,1.0,,,,Tropical Munch (1kg),1,,
Engagement,Collection,41.13.194.114,2025-01-27 09:20:47.779000+00:00,,,nuts,,68.222,,1,,
Engagement,Collection,41.13.194.114,2025-01-27 09:21:25.133000+00:00,,,nuts,,37.665,,1,,
Engagement,Collection,41.13.194.114,2025-01-27 09:22:15.265000+00:00,,,nuts,,50.132,,1,,
Engagement,Collection,41.13.194.114,2025-01-27 09:22:36.275000+00:00,,,nuts,,21.01,,1,,
Engagement,Collection,41.13.194.114,2025-01-27 09:22:55.302000+00:00,,,seeds-fruit,,15.873,,1,,
Engagement,Collection,41.13.194.114,2025-01-27 09:24:09.739000+00:00,,,seeds-fruit,,75.198,,1,,
Engagement,Collection,41.13.194.114,2025-01-27 09:24:37.667000+00:00,,,seeds-fruit,,27.928,,1,,
Engagement,Collection,41.13.194.114,2025-01-27 09:24:37.672000+00:00,,,seeds-fruit,,0.005,,1,,
Engagement,Collection,41.13.194.114,2025-01-27 09:25:05.978000+00:00,,,seeds-fruit,,28.306,,1,,
Engagement,Collection,41.13.194.114,2025-01-27 09:25:49.245000+00:00,,,seeds-fruit,,43.267,,1,,
Engagement,Collection,41.13.194.114,2025-01-27 09:26:04.881000+00:00,,,seeds-fruit,,15.636,,1,,
Engagement,Collection,41.13.194.114,2025-01-27 09:26:44.020000+00:00,,,seeds-fruit,,39.139,,1,,
Engagement,Collection,41.13.194.114,2025-01-27 09:26:50.743000+00:00,,,seeds-fruit,,6.722,,1,,
Engagement,Collection,41.13.194.114,2025-01-27 09:26:50.751000+00:00,,,seeds-fruit,,0.009,,1,,
Engagement,Collection,41.13.194.114,2025-01-27 09:28:12.751000+00:00,,,seeds-fruit,,82.0,,1,,
Engagement,Collection,41.13.194.114,2025-01-27 09:29:10.209000+00:00,,,seeds-fruit,,57.458,,1,,
Engagement,Collection,41.13.194.114,2025-01-27 09:29:10.239000+00:00,,,seeds-fruit,,0.029,,1,,
Engagement,Cart,41.13.194.114,2025-01-27 09:29:42.291000+00:00,,,,,29.087,,1,,
Engagement,Cart,41.13.194.114,2025-01-27 09:29:58.257000+00:00,,,,,16.269,,1,,
Engagement,Cart,41.13.194.114,2025-01-27 09:31:10.105000+00:00,,,,,71.848,,1,,
Engagement,Collection,41.13.194.114,2025-01-27 09:31:23.424000+00:00,,,seeds-1,,10.719,,1,,
Engagement,Collection,41.13.194.114,2025-01-27 09:32:23.058000+00:00,,,seeds-1,,59.974,,1,,
Engagement,Cart,41.13.194.114,2025-01-27 09:32:51.076000+00:00,,,,,25.007,,1,,
Engagement,Collection,41.13.194.114,2025-01-27 09:49:20.951000+00:00,,,seeds-1,,987.384,,1,,
Engagement,Product,41.13.194.114,2025-01-27 09:49:56.993000+00:00,2107883782241.0,,,,33.323,cranberry pumpkin almond mix,1,,
Engagement,Collection,41.13.194.114,2025-01-27 09:50:58.776000+00:00,,,nuts,,60.25,,1,,
Engagement,Cart Add,41.13.194.114,2025-01-27 09:50:59.215000+00:00,2107883585633.0,1.0,,,,Chia Seeds (1kg),1,,
Engagement,Cart Update,41.13.194.114,2025-01-27 09:50:59.215000+00:00,2107885518945.0,-1.0,,,,Tropical Munch (1kg),1,,
Engagement,Product,41.13.194.114,2025-01-27 09:51:15.532000+00:00,2107883782241.0,,,,14.316,cranberry pumpkin almond mix,1,,
Engagement,Cart,41.13.194.114,2025-01-27 09:52:47.931000+00:00,,,,,91.032,,1,,
Engagement,Product,41.13.194.114,2025-01-27 09:55:59.027000+00:00,7902262264061.0,,,,188.452,cranberry mix 1kg,1,,
Engagement,Cart,41.13.194.114,2025-01-27 09:58:27.442000+00:00,,,,,10.839,,1,,
Engagement,Cart,41.13.194.114,2025-01-27 10:03:01.619000+00:00,,,,,274.504,,1,,
Engagement,Collection,41.13.243.155,2025-01-27 07:36:01.581000+00:00,,,snacks-1,,9.541,,1,,
Engagement,Home,41.13.243.155,2025-01-27 07:36:14.963000+00:00,,,,,11.944,,1,,
Engagement,Collection,41.13.243.155,2025-01-27 07:36:50.225000+00:00,,,fruit,,33.236,,1,,
Engagement,Collection,41.13.243.155,2025-01-27 07:38:33.079000+00:00,,,fruit,,103.204,,1,,
Engagement,Collection,41.13.243.155,2025-01-27 07:38:33.101000+00:00,,,fruit,,0.023,,1,,
Engagement,Collection,41.13.243.155,2025-01-27 07:39:11.863000+00:00,,,fruit,,38.762,,1,,
Engagement,Collection,41.13.243.155,2025-01-27 07:40:04.341000+00:00,,,seeds-fruit,,41.044,,1,,
Engagement,Collection,41.13.243.155,2025-01-27 07:40:27.713000+00:00,,,seeds-fruit,,23.712,,1,,
Engagement,Collection,41.13.243.155,2025-01-27 07:42:10.151000+00:00,,,seeds-fruit,,102.438,,1,,
Engagement,Cart,41.13.243.155,2025-01-27 07:42:35.456000+00:00,,,,,22.25,,1,,
Engagement,Collection,41.13.243.155,2025-01-27 07:43:56.642000+00:00,,,snacks-1,,29.934,,1,,
Engagement,Collection,41.13.243.155,2025-01-27 07:44:05.334000+00:00,,,snacks-1,,9.041,,1,,
Engagement,Collection,41.13.243.155,2025-01-27 07:45:03.808000+00:00,,,nuts,,48.324,,1,,
Engagement,Collection,41.13.243.155,2025-01-27 07:45:04.196000+00:00,,,nuts,,0.018,,1,,
Engagement,Collection,41.13.243.155,2025-01-27 07:46:02.647000+00:00,,,nuts,,59.198,,1,,
Engagement,Collection,41.13.243.155,2025-01-27 07:47:09.572000+00:00,,,nuts,,66.925,,1,,
Engagement,Collection,41.13.243.155,2025-01-27 07:48:23.060000+00:00,,,nuts,,73.488,,1,,
Engagement,Collection,41.13.243.155,2025-01-27 07:48:56.037000+00:00,,,nuts,,32.977,,1,,
Engagement,Collection,41.13.243.155,2025-01-27 07:49:38.036000+00:00,,,nuts,,41.999,,1,,
Engagement,Cart,41.13.243.155,2025-01-27 07:55:19.462000+00:00,,,,,42.326,,1,,
Engagement,Cart Add,41.133.142.58,2025-01-26 12:02:47.380000+00:00,2107884732513.0,1.0,,,,Chocolate Coated Peanuts (1kg),1,,
Engagement,Home,41.133.211.44,2025-01-25 12:45:13.872000+00:00,,,,,12.685,,1,,
Engagement,Home,41.133.211.44,2025-01-25 12:46:40.394000+00:00,,,,,29.467,,1,,
Engagement,Cart Add,41.144.32.228,2025-01-25 13:52:11.198000+00:00,8810536796413.0,1.0,,,,rusk bites bulk 15 x 400g 500g,1,,
Engagement,Home,41.144.32.228,2025-01-26 14:16:51.744000+00:00,,,,,3.003,,2,,
Engagement,Home,41.144.32.228,2025-01-26 14:16:52.018000+00:00,,,,,1.106,,2,,
Engagement,Home,41.144.32.228,2025-01-26 14:17:17.398000+00:00,,,,,12.966,,2,,
Engagement,Home,41.144.32.228,2025-01-26 14:20:14.950000+00:00,,,,,9.547,,2,,
Engagement,Collection,41.144.32.228,2025-01-26 14:21:15.327000+00:00,,,gluten-free,,57.186,,2,,
Engagement,Collection,41.144.32.228,2025-01-26 14:22:38.548000+00:00,,,gluten-free,,83.66,,2,,
Engagement,Collection,41.144.32.228,2025-01-26 14:23:02.785000+00:00,,,gluten-free,,24.237,,2,,
Engagement,Collection,41.144.32.228,2025-01-26 14:23:10.297000+00:00,,,gluten-free,,7.512,,2,,
Engagement,Home,41.144.32.228,2025-01-26 14:23:55.479000+00:00,,,,,221.048,,2,,
Engagement,Product,41.144.32.228,2025-01-26 14:24:38.343000+00:00,2107885420641.0,,,,15.504,sunflower seeds,2,,
Engagement,Cart Add,41.144.32.228,2025-01-26 14:25:10.101000+00:00,2107884142689.0,2.0,,,,Linseed / Flaxseed (1kg),2,,
Engagement,Home,41.144.32.228,2025-01-26 14:25:23.910000+00:00,,,,,30.405,,2,,
Engagement,Product,41.144.32.228,2025-01-26 14:26:24.614000+00:00,2138476642401.0,,,,31.766,chickpeas 1kg,2,,
Engagement,Product,41.144.32.228,2025-01-26 14:27:25.747000+00:00,8299334992125.0,,,,57.983,eureka mills stone ground white bread flour 2 5kg,2,,
Engagement,Product,41.144.32.228,2025-01-26 14:28:27.210000+00:00,2138476970081.0,,,,4.286,couscous 1kg,2,,
Engagement,Home,41.150.220.248,2025-01-27 08:35:28.193000+00:00,,,,,60.233,,1,,
Engagement,Collection,41.150.220.248,2025-01-27 08:36:16.325000+00:00,,,snacks-1,,46.023,,1,,
Engagement,Collection,41.150.220.248,2025-01-27 08:36:23.125000+00:00,,,snacks-1,,7.131,,1,,
Engagement,Collection,41.157.32.95,2025-01-24 08:00:27.853000+00:00,,,seeds-1,,73.03,,1,,
Engagement,Collection,41.157.32.95,2025-01-24 08:00:36.532000+00:00,,,seeds-1,,8.941,,1,,
Engagement,Collection,41.164.129.132,2025-01-24 09:12:25.551000+00:00,,,brazil,,6411.228,,1,,
Engagement,Collection,41.164.129.132,2025-01-24 09:12:38.436000+00:00,,,brazil,,13.327,,1,,
Engagement,Collection,41.164.129.132,2025-01-24 09:13:26.891000+00:00,,,fruit,,44.836,,1,,
Engagement,Product,41.165.16.76,2025-01-26 07:10:29.034000+00:00,2138477789281.0,,,,216.873,white quinoa 1kg,1,,
Engagement,Home,41.165.16.76,2025-01-26 07:11:18.907000+00:00,,,,,9.318,,1,,
Engagement,Home,41.193.134.26,2025-01-24 07:16:11.964000+00:00,,,,,75.962,,1,,
Engagement,Product,41.193.134.26,2025-01-24 07:21:52.226000+00:00,2138476609633.0,,,,15.449,bulgur wheat 1kg,1,,
Engagement,Home,41.193.224.90,2025-01-25 05:56:47.403000+00:00,,,,,2.102,,1,,
Engagement,Home,41.193.224.90,2025-01-26 13:12:12.142000+00:00,,,,,2.694,,2,,
Engagement,Collection,41.193.224.90,2025-01-26 13:12:36.176000+00:00,,,cheat-street,,22.422,,2,,
Engagement,Collection,41.193.224.90,2025-01-26 13:12:50.297000+00:00,,,cheat-street,,14.415,,2,,
Engagement,Product,41.193.48.115,2025-01-27 07:08:55.452000+00:00,7562039165181.0,,,,28.915,adzuki beans 1kg,1,,
Engagement,Collection,41.193.48.115,2025-01-27 07:09:39.125000+00:00,,,beans,,41.099,,1,,
Engagement,Collection,41.193.48.115,2025-01-27 07:11:07.300000+00:00,,,nuts,,84.848,,1,,
Engagement,Collection,41.193.48.115,2025-01-27 07:11:32.060000+00:00,,,nuts,,25.228,,1,,
Engagement,Collection,41.193.48.115,2025-01-27 07:12:52.979000+00:00,,,nuts,,80.919,,1,,
Engagement,Collection,41.193.48.115,2025-01-27 07:13:33.118000+00:00,,,fruit,,36.178,,1,,
Engagement,Collection,41.193.48.115,2025-01-27 07:13:43.752000+00:00,,,fruit,,11.082,,1,,
Engagement,Product,41.223.245.203,2025-01-24 12:50:59.594000+00:00,8114472124669.0,,,,8.635,forest fairies nougat 10 box selection 10 x 50g,1,,
Engagement,Product,41.223.245.203,2025-01-24 12:51:35.164000+00:00,8114472124669.0,,,,36.402,forest fairies nougat 10 box selection 10 x 50g,1,,
Engagement,Collection,41.56.181.31,2025-01-27 04:30:17.380000+00:00,,,mexican,,61.973,,1,,
Engagement,Collection,41.56.181.31,2025-01-27 04:30:17.440000+00:00,,,mexican,,0.579,,1,,
Engagement,Collection,41.56.181.31,2025-01-27 04:30:18.598000+00:00,,,mexican,,1.158,,1,,
Engagement,Collection,41.56.181.31,2025-01-27 04:30:19.072000+00:00,,,mexican,,0.474,,1,,
Engagement,Collection,41.56.181.31,2025-01-27 04:30:20.134000+00:00,,,mexican,,1.062,,1,,
Engagement,Collection,41.56.181.31,2025-01-27 04:30:20.804000+00:00,,,mexican,,0.67,,1,,
Engagement,Collection,41.56.181.31,2025-01-27 04:30:25.364000+00:00,,,mexican,,4.56,,1,,
Engagement,Collection,41.56.181.31,2025-01-27 04:30:25.751000+00:00,,,mexican,,0.387,,1,,
Engagement,Collection,41.56.181.31,2025-01-27 04:30:26.162000+00:00,,,mexican,,0.411,,1,,
Engagement,Collection,41.56.181.31,2025-01-27 04:30:26.826000+00:00,,,mexican,,0.664,,1,,
Engagement,Collection,41.56.181.31,2025-01-27 04:30:27.514000+00:00,,,mexican,,0.688,,1,,
Engagement,Collection,41.56.181.31,2025-01-27 04:30:27.861000+00:00,,,mexican,,0.347,,1,,
Engagement,Collection,41.56.181.31,2025-01-27 04:30:33.916000+00:00,,,mexican,,6.054,,1,,
Engagement,Collection,41.56.181.31,2025-01-27 04:30:36.073000+00:00,,,mexican,,2.157,,1,,
Engagement,Collection,41.56.181.31,2025-01-27 04:30:41.503000+00:00,,,mexican,,5.431,,1,,
Engagement,Collection,41.56.181.31,2025-01-27 04:30:48.692000+00:00,,,mexican,,7.189,,1,,
Engagement,Product,41.76.219.220,2025-01-25 18:06:28.141000+00:00,8395541184765.0,,,,11.333,dates pitted 1kg pits have been removed,1,,
Engagement,Product,41.76.219.220,2025-01-25 18:07:02.443000+00:00,6478175010985.0,,,,13.01,fruit dainties cubes 1kg,1,,
Engagement,Cart,41.76.219.220,2025-01-25 18:07:23.939000+00:00,,,,,11.869,,1,,
Engagement,Product,41.76.219.220,2025-01-25 18:10:56.284000+00:00,2107884798049.0,,,,6.133,peanuts giant raisins salted,1,,
Engagement,Cart,41.76.219.220,2025-01-25 18:11:26.106000+00:00,,,,,27.95,,1,,
Engagement,Cart,41.76.219.220,2025-01-25 18:11:30.196000+00:00,,,,,4.423,,1,,
Engagement,Cart,41.76.219.220,2025-01-25 18:14:35.886000+00:00,,,,,72.364,,1,,
Engagement,Cart Add,41.76.219.220,2025-01-25 18:15:22.904000+00:00,2138477101153.0,2.0,,,,Granola (1kg),1,,
Engagement,Home,41.76.35.18,2025-01-25 13:48:46.603000+00:00,,,,,18.044,,1,,
Engagement,Collection,41.76.35.18,2025-01-25 13:50:04.541000+00:00,,,fruit,,75.806,,1,,
Engagement,Collection,41.76.35.18,2025-01-25 13:51:21.006000+00:00,,,bulk,,73.518,,1,,
Engagement,Collection,41.76.35.18,2025-01-25 14:10:07.619000+00:00,,,bulk,,1126.896,,1,,
Engagement,Collection,41.76.35.18,2025-01-25 14:10:15.050000+00:00,,,bulk,,7.431,,1,,
Engagement,Collection,41.76.35.18,2025-01-25 14:10:21.122000+00:00,,,bulk,,6.072,,1,,
Engagement,Home,41.78.246.182,2025-01-25 11:31:41.542000+00:00,,,,,35.732,,1,,
Engagement,Home,41.78.246.182,2025-01-25 11:32:09.511000+00:00,,,,,16.388,,1,,
Engagement,Home,41.78.246.182,2025-01-25 11:47:44.548000+00:00,,,,,7.197,,1,,
Engagement,Collection,45.222.16.25,2025-01-25 11:37:59.630000+00:00,,,all,,4.539,,1,,
Engagement,Collection,45.222.16.25,2025-01-25 11:38:12.150000+00:00,,,all,,12.772,,1,,
Engagement,Collection,45.222.16.25,2025-01-25 11:38:21.298000+00:00,,,all,,9.148,,1,,
Engagement,Home,64.145.67.18,2025-01-25 17:14:54.205000+00:00,,,,,3.912,,1,,
Engagement,Home,64.145.67.18,2025-01-25 17:21:57.886000+00:00,,,,,32.542,,1,,
Engagement,Collection,64.145.67.18,2025-01-25 17:22:16.448000+00:00,,,cheat-street,,15.988,,1,,
Engagement,Cart,64.145.67.18,2025-01-25 17:22:22.217000+00:00,,,,,3.983,,1,,
Engagement,Collection,64.145.67.18,2025-01-25 17:22:36.196000+00:00,,,cheat-street,,20.063,,1,,
Engagement,Collection,64.145.67.18,2025-01-25 17:22:41.629000+00:00,,,cheat-street,,5.433,,1,,
Engagement,Collection,64.145.67.18,2025-01-25 17:22:52.633000+00:00,,,cheat-street,,11.004,,1,,
Engagement,Collection,64.145.67.18,2025-01-25 17:23:02.707000+00:00,,,cheat-street,,10.074,,1,,
Engagement,Collection,64.145.67.18,2025-01-25 17:23:45.525000+00:00,,,cheat-street,,42.818,,1,,
Engagement,Collection,64.145.67.18,2025-01-25 17:23:57.448000+00:00,,,cheat-street,,11.923,,1,,
Engagement,Collection,64.145.67.18,2025-01-25 17:24:12.532000+00:00,,,cheat-street,,15.084,,1,,
Engagement,Collection,64.145.67.18,2025-01-25 17:24:28.181000+00:00,,,cheat-street,,15.649,,1,,
Engagement,Collection,64.145.67.18,2025-01-25 17:25:34.738000+00:00,,,cheat-street,,66.557,,1,,
Engagement,Cart,64.145.67.18,2025-01-25 17:29:37.916000+00:00,,,,,235.096,,1,,
Engagement,Cart,64.145.67.18,2025-01-25 17:33:48.968000+00:00,,,,,251.729,,1,,
Engagement,Product,77.111.244.37,2025-01-24 14:04:03.705000+00:00,2107883585633.0,,,,135.669,chia seeds,1,,
Engagement,Collection,77.111.247.138,2025-01-24 14:39:04.691000+00:00,,,all,,2169.217,,1,,
Engagement,Collection,77.111.247.138,2025-01-24 14:48:36.128000+00:00,,,all,,583.521,,1,,
Engagement,Collection,77.111.247.138,2025-01-24 14:48:54.029000+00:00,,,all,,17.901,,1,,
Engagement,Collection,77.111.247.138,2025-01-24 14:53:09.389000+00:00,,,all,,255.36,,1,,
Engagement,Collection,77.111.247.138,2025-01-24 14:54:21.615000+00:00,,,all,,72.224,,1,,
Engagement,Collection,77.111.247.138,2025-01-24 14:54:27.835000+00:00,,,all,,6.222,,1,,
Engagement,Collection,77.111.247.138,2025-01-24 14:55:20.192000+00:00,,,all,,52.356,,1,,
Engagement,Collection,77.111.247.138,2025-01-24 14:55:41.071000+00:00,,,all,,20.88,,1,,
Engagement,Collection,77.111.247.138,2025-01-24 14:55:47.196000+00:00,,,all,,6.125,,1,,
Engagement,Collection,77.111.247.138,2025-01-24 14:56:27.421000+00:00,,,all,,40.225,,1,,
Engagement,Collection,77.111.247.138,2025-01-24 14:56:48.338000+00:00,,,all,,20.917,,1,,
Engagement,Collection,77.111.247.138,2025-01-24 14:56:57.770000+00:00,,,all,,9.432,,1,,
Engagement,Collection,77.111.247.138,2025-01-24 14:57:43.104000+00:00,,,all,,45.333,,1,,
Engagement,Collection,77.111.247.138,2025-01-24 14:58:05.072000+00:00,,,all,,21.969,,1,,
Engagement,Collection,77.111.247.138,2025-01-24 14:58:49.331000+00:00,,,all,,44.259,,1,,
Engagement,Collection,77.111.247.138,2025-01-24 14:59:07.088000+00:00,,,all,,17.757,,1,,
Engagement,Collection,77.111.247.138,2025-01-24 15:00:01.256000+00:00,,,all,,54.168,,1,,
Engagement,Collection,77.111.247.138,2025-01-24 15:00:30.056000+00:00,,,all,,28.799,,1,,
Engagement,Collection,77.111.247.138,2025-01-24 15:01:38.546000+00:00,,,all,,68.491,,1,,
Engagement,Collection,77.111.247.138,2025-01-24 15:02:43.202000+00:00,,,all,,64.656,,1,,
Engagement,Collection,77.111.247.138,2025-01-24 15:03:54.187000+00:00,,,all,,70.985,,1,,
Engagement,Collection,77.111.247.138,2025-01-24 15:05:59.363000+00:00,,,all,,125.176,,1,,
Engagement,Collection,77.111.247.138,2025-01-24 15:06:19.395000+00:00,,,all,,20.032,,1,,
Engagement,Collection,77.111.247.138,2025-01-24 15:07:42.307000+00:00,,,all,,82.912,,1,,
Engagement,Collection,79.127.154.79,2025-01-24 19:07:39.035000+00:00,,,gluten-free,,167.883,,1,,
Engagement,Collection,79.127.154.79,2025-01-24 19:08:09.533000+00:00,,,gluten-free,,31.518,,1,,
Engagement,Collection,79.127.154.79,2025-01-24 19:18:03.389000+00:00,,,gluten-free,,593.856,,1,,
Engagement,Collection,79.127.154.79,2025-01-24 19:18:25.558000+00:00,,,gluten-free,,22.169,,1,,
Engagement,Home,79.127.154.90,2025-01-25 11:45:33.689000+00:00,,,,,20.45,,1,,
Engagement,Product,86.12.75.11,2025-01-24 18:13:10.654000+00:00,8661584609533.0,,,,4.852,moefelantat orange pineapple granadilla jam 375g,1,,
Engagement,Product,92.27.157.149,2025-01-24 15:06:27.780000+00:00,7160925323433.0,,,,1573.305,royal icing cookies corporate,1,,
Engagement,Product,92.27.157.149,2025-01-24 15:07:53.482000+00:00,7899701444861.0,,,,84.583,smiley in a bottle 62,1,,
